[
  {
    "id": 1,
    "pid": 0,
    "name": "系统管理",
    "referred": "管理"
  },
  {
    "id": 2,
    "pid": 0,
    "name": "字典管理",
    "referred": "字典"
  },
  {
    "id": 20,
    "pid": 1,
    "name": "新增系统",
    "referred": "新增"
  },
  {
    "id": 21,
    "pid": 1,
    "name": "编辑系统",
    "referred": "编辑"
  },
  {
    "id": 22,
    "pid": 1,
    "name": "删除系统",
    "referred": "删除"
  },
  {
    "id": 33,
    "pid": 2,
    "name": "系统环境",
    "referred": "环境"
  },
  {
    "id": 333,
    "pid": 33,
    "name": "新增环境",
    "referred": "新增"
  },
  {
    "id": 3333,
    "pid": 33,
    "name": "编辑环境",
    "referred": "编辑"
  },
  {
    "id": 233332,
    "pid": 33,
    "name": "删除环境",
    "referred": "删除"
  }
]