<?xml version="1.0" encoding="UTF-8"?>
<beans xmlns="http://www.springframework.org/schema/beans"
	xmlns:xsi="http://www.w3.org/2001/XMLSchema-instance" xmlns:p="http://www.springframework.org/schema/p"
	xmlns:context="http://www.springframework.org/schema/context" xmlns:tx="http://www.springframework.org/schema/tx"
	xsi:schemaLocation="
		http://www.springframework.org/schema/beans
		http://www.springframework.org/schema/beans/spring-beans-4.3.xsd
		http://www.springframework.org/schema/context
		http://www.springframework.org/schema/context/spring-context-4.3.xsd
		http://www.springframework.org/schema/tx
		http://www.springframework.org/schema/tx/spring-tx-4.3.xsd">
	 
	<bean id="inputText" class="com.sshs.core.view.component.taglib.InputTextTag" />
	<bean id="inputDate" class="com.sshs.core.view.component.taglib.InputDateTag" />
	<bean id="select" class="com.sshs.core.view.component.taglib.SelectTag" />
	
	<bean id="divButtonGroup" class="com.sshs.core.view.component.taglib.ButtonGroupTag" />
	<bean id="buttonButton" class="com.sshs.core.view.component.taglib.ButtonButtonTag" />
	<bean id="buttonSubmit" class="com.sshs.core.view.component.taglib.ButtonSubmitTag" />
	<bean id="buttonReset" class="com.sshs.core.view.component.taglib.ButtonResetTag" />
	<bean id="buttonQuery" class="com.sshs.core.view.component.taglib.ButtonQueryTag" />
	<bean id="buttonReturn" class="com.sshs.core.view.component.taglib.ButtonReturnTag" />
	
	<bean id="tableBootstrap" class="com.sshs.core.view.component.taglib.TableBootstrapTag" />
	<bean id="thColumn" class="com.sshs.core.view.component.taglib.ThColumnTag" />
	<bean id="formCondition" class="com.sshs.core.view.component.taglib.FormConditionTag" />
</beans>
