<?xml version="1.0" encoding="UTF-8"?>
<!DOCTYPE configuration PUBLIC "-//mybatis.org//DTD Config 3.0//EN" 
"http://mybatis.org/dtd/mybatis-3-config.dtd">
<configuration>
	<settings>
		<setting name="mapUnderscoreToCamelCase" value="true" />
		<setting name="jdbcTypeForNull" value="NULL" />
	</settings>

	<!-- 实体类,简称 -设置别名 -->
	<typeAliases>
		<!-- 分页 -->
		<typeAlias type="com.sshs.core.page.Page" alias="Page" />
		<package name="com.sshs" />
	</typeAliases>

	<plugins>
		<plugin interceptor="com.sshs.core.plugin.PagePlugin">
			<property name="dialect"
				value="com.sshs.core.plugin.dialect.Oracle10gDialect" />
			<property name="pageSqlId" value=".*PageList.*" />
		</plugin>
	<!-- 	<plugin interceptor="com.github.abel533.mapper.MapperInterceptor">
			================================================
			可配置参数说明(一般无需修改)
			================================================
			UUID生成策略
			配置UUID生成策略需要使用OGNL表达式
			默认值32位长度:@java.util.UUID@randomUUID().toString().replace("-", "")
			<property name="UUID" value="@java.util.UUID@randomUUID().toString()"/>
			主键自增回写方法,默认值CALL IDENTITY(),适应于大多数数据库
			<property name="IDENTITY" value="CALL IDENTITY()"/>
			主键自增回写方法执行顺序,默认AFTER,可选值为(BEFORE|AFTER)
			<property name="ORDER" value="AFTER"/>
		</plugin> -->
	</plugins>
</configuration>  