<?xml version="1.0" encoding="UTF-8"?>
<beans xmlns="http://www.springframework.org/schema/beans"
	xmlns:xsi="http://www.w3.org/2001/XMLSchema-instance" xmlns:context="http://www.springframework.org/schema/context"
	xmlns:mvc="http://www.springframework.org/schema/mvc"
	xsi:schemaLocation="http://www.springframework.org/schema/beans 
	http://www.springframework.org/schema/beans/spring-beans-4.3.xsd
	http://www.springframework.org/schema/context
	http://www.springframework.org/schema/context/spring-context-4.3.xsd
	http://www.springframework.org/schema/mvc
	http://www.springframework.org/schema/mvc/spring-mvc-4.3.xsd">

	<!-- 注解扫描包 -->
	<context:component-scan base-package="com.sshs.*" />

	<!-- 开启注解 -->
	<mvc:annotation-driven>
		<mvc:message-converters>
			<bean
				class="org.springframework.http.converter.json.MappingJackson2HttpMessageConverter" />
			<bean class="org.springframework.http.converter.StringHttpMessageConverter" />
			<bean
				class="org.springframework.http.converter.ByteArrayHttpMessageConverter" />
		</mvc:message-converters>
	</mvc:annotation-driven>

	<!-- 配置静态资源，直接映射到对应的文件夹，不被DispatcherServlet处理，3.04新增功能，需要重新设置spring-mvc-3.0.xsd -->
	<!-- <mvc:resources mapping="**/img/**" location="/img/" />
	<mvc:resources mapping="**/js/**" location="/js/" />
	<mvc:resources mapping="**/css/**" location="/css/" />-->
	<mvc:resources mapping="**/html/**" location="/html/" /> 
	<!-- <mvc:resources mapping="/scripts/**" location="classpath:/scripts/" /> -->
	<mvc:resources mapping="/.cached/**" location="/.cached/" />
	<mvc:resources mapping="/scripts/**" location="classpath:/scripts/" />
	<!-- <mvc:default-servlet-handler default-servlet-name="viewResolverServlet" /> -->
	<!-- 定义跳转的文件的前后缀 ，视图模式配置 -->
	<bean id="viewResolver"
		class="org.springframework.web.servlet.view.InternalResourceViewResolver">
		<!-- 这里的配置我的理解是自动给后面action的方法return的字符串加上前缀和后缀，变成一个 可用的url地址 -->
		<!-- <property name="prefix" value="jsp" /> <property name="suffix" value=".jsp" 
			/> -->
	</bean>
	<mvc:interceptors>
		<!-- 国际化操作拦截器 如果采用基于（请求/Session/Cookie）则必需配置 -->
		<bean class="org.springframework.web.servlet.i18n.LocaleChangeInterceptor" />
	</mvc:interceptors>

	<!-- 全局异常配置 -->
	<bean id="exceptionHandler" class="com.sshs.core.handler.ExceptionHandler">
	</bean>
</beans>
